web-scraper-order,web-scraper-start-url,links,links-href,Med_name,Condition,Rating,Cost,Side_effects,Pages,Pages-href
1674888901-1,https://www.1mg.com/manufacturer/swast-aushadhi-seva-generic-medicine-store-81567,Genericart Glimepiride 1mg Tablet,https://www.1mg.com/drugs/genericart-glimepiride-1mg-tablet-607763,Genericart Glimepiride 1mg Tablet,Treatment of Type 2 diabetes mellitus,4.2,₹ 35,Hypoglycemia (low blood glucose level)HeadacheNauseaDizziness,3,https://www.1mg.com/manufacturer/swast-aushadhi-seva-generic-medicine-store-81567?pageNumber=3
1674888906-2,https://www.1mg.com/manufacturer/swast-aushadhi-seva-generic-medicine-store-81567,Genericart Gliclazide 60mg Tablet SR,https://www.1mg.com/drugs/genericart-gliclazide-60mg-tablet-sr-607738,Genericart Gliclazide 60mg Tablet SR,Treatment of Type 2 diabetes mellitus,4.2,₹ 115,Hypoglycemia (low blood glucose level)Weight gainFlatulenceDiarrheaHeadacheNauseaDizziness,3,https://www.1mg.com/manufacturer/swast-aushadhi-seva-generic-medicine-store-81567?pageNumber=3
1674888911-3,https://www.1mg.com/manufacturer/swast-aushadhi-seva-generic-medicine-store-81567,Genericart Gabapentin+Nortriptyline 400mg/10mg Tablet,https://www.1mg.com/drugs/genericart-gabapentin-nortriptyline-400mg-10mg-tablet-607979,Genericart Gabapentin+Nortriptyline 400mg/10mg Tablet,Treatment of Neuropathic pain,4.8,₹ 156,ConstipationDifficulty in urinationWeight gainSleepinessDizzinessTirednessBlurred visionDryness in mouthOrthostatic hypotension (sudden lowering of blood pressure on standing)Increased heart rateUncoordinated body movements,3,https://www.1mg.com/manufacturer/swast-aushadhi-seva-generic-medicine-store-81567?pageNumber=3
1674888916-4,https://www.1mg.com/manufacturer/swast-aushadhi-seva-generic-medicine-store-81567,Genericart Etoricoxib 90mg Tablet,https://www.1mg.com/drugs/genericart-etoricoxib-90mg-tablet-607912,Genericart Etoricoxib 90mg Tablet,Pain relief,5,₹ 84,Oral ulcerBronchospasmIncreased liver enzymesEsophagitisStomach painDiarrhea,3,https://www.1mg.com/manufacturer/swast-aushadhi-seva-generic-medicine-store-81567?pageNumber=3
1674888923-5,https://www.1mg.com/manufacturer/swast-aushadhi-seva-generic-medicine-store-81567,Genericart Enalapril 2.5mg Tablet,https://www.1mg.com/drugs/genericart-enalapril-2.5mg-tablet-607915,Genericart Enalapril 2.5mg Tablet,Treatment of Hypertension (high blood pressure),4.7,null,Decreased blood pressureCoughIncreased potassium level in bloodFatigueWeaknessDizziness,3,https://www.1mg.com/manufacturer/swast-aushadhi-seva-generic-medicine-store-81567?pageNumber=3
1674888929-6,https://www.1mg.com/manufacturer/swast-aushadhi-seva-generic-medicine-store-81567,Genericart Drotaverine+Mefenamic Acid 80mg/250mg Tablet,https://www.1mg.com/drugs/genericart-drotaverine-mefenamic-acid-80mg-250mg-tablet-606975,Genericart Drotaverine+Mefenamic Acid 80mg/250mg Tablet,Treatment of Abdominal pain,4.4,₹ 83,NauseaVomitingDiarrheaDryness in mouthHeartburnVertigoInsomnia (difficulty in sleeping)Hypotension (low blood pressure)Fast heart rateSweatingConstipationIncreased liver enzymesIncreased white blood cell count (eosinophils)Decreased white blood cell count (lymphocytes)Low blood plateletsPurpuraAgranulocytosis (deficiency of granulocytes in the blood)BreathlessnessRinging in earAbdominal painFlatulenceIndigestionStomach inflammationConfusionDepression,3,https://www.1mg.com/manufacturer/swast-aushadhi-seva-generic-medicine-store-81567?pageNumber=3
1674888934-7,https://www.1mg.com/manufacturer/swast-aushadhi-seva-generic-medicine-store-81567,Genericart Domperidone+Pantoprazole 10mg/40mg Tablet,https://www.1mg.com/drugs/genericart-domperidone-pantoprazole-10mg-40mg-tablet-607746,Genericart Domperidone+Pantoprazole 10mg/40mg Tablet,Treatment of Gastroesophageal reflux disease (Acid reflux),4.7,₹ 83,DiarrheaStomach painFlatulenceDryness in mouthDizzinessHeadache,3,https://www.1mg.com/manufacturer/swast-aushadhi-seva-generic-medicine-store-81567?pageNumber=3
1674888940-8,https://www.1mg.com/manufacturer/swast-aushadhi-seva-generic-medicine-store-81567,Genericart Diltiazem Hydrochloride 30mg Tablet,https://www.1mg.com/drugs/genericart-diltiazem-hydrochloride-30mg-tablet-607883,Genericart Diltiazem Hydrochloride 30mg Tablet,Treatment of Hypertension (high blood pressure),4.7,₹ 22,"HeadacheConstipationDizzinessFatigueFlushing (sense of warmth in the face, ears, neck and trunk)NauseaPalpitationsRash",3,https://www.1mg.com/manufacturer/swast-aushadhi-seva-generic-medicine-store-81567?pageNumber=3
1674888945-9,https://www.1mg.com/manufacturer/swast-aushadhi-seva-generic-medicine-store-81567,Genericart Diclofenac+Paracetamol 50mg/325mg Tablet,https://www.1mg.com/drugs/genericart-diclofenac-paracetamol-50mg-325mg-tablet-607878,Genericart Diclofenac+Paracetamol 50mg/325mg Tablet,Pain relief,5,₹ 23,NauseaVomitingStomach pain/epigastric painHeartburnDiarrheaLoss of appetite,3,https://www.1mg.com/manufacturer/swast-aushadhi-seva-generic-medicine-store-81567?pageNumber=3
1674888951-10,https://www.1mg.com/manufacturer/swast-aushadhi-seva-generic-medicine-store-81567,Genericart Clobazam 5mg Tablet,https://www.1mg.com/drugs/genericart-clobazam-5mg-tablet-607857,Genericart Clobazam 5mg Tablet,Treatment of Epilepsy/Seizures,4.6,null,ConstipationSleepinessDepressionDizzinessDryness in mouthFatigueHeadacheNauseaSedationSpeech disorderDecreased appetiteIrritabilityAggressionRestlessnessDrug toleranceDifficulty in paying attentionTremorsAbnormality of voluntary movements,3,https://www.1mg.com/manufacturer/swast-aushadhi-seva-generic-medicine-store-81567?pageNumber=3
1674888956-11,https://www.1mg.com/manufacturer/swast-aushadhi-seva-generic-medicine-store-81567,Genericart Cilnidipine+Telmisartan 10mg/40mg Tablet,https://www.1mg.com/drugs/genericart-cilnidipine-telmisartan-10mg-40mg-tablet-607911,Genericart Cilnidipine+Telmisartan 10mg/40mg Tablet,Treatment of Hypertension (high blood pressure),4.7,₹ 74,"SleepinessAnkle swellingHeadacheFlushing (sense of warmth in the face, ears, neck and trunk)DizzinessTirednessPalpitationsUpset stomachIncreased potassium level in blood",3,https://www.1mg.com/manufacturer/swast-aushadhi-seva-generic-medicine-store-81567?pageNumber=3
1674888961-12,https://www.1mg.com/manufacturer/swast-aushadhi-seva-generic-medicine-store-81567,Genericart Carvedilol 6.25mg Tablet,https://www.1mg.com/drugs/genericart-carvedilol-6.25mg-tablet-607802,Genericart Carvedilol 6.25mg Tablet,Treatment of Hypertension (high blood pressure),4.7,₹ 42,Decreased blood pressureHeadacheFatigueDizziness,3,https://www.1mg.com/manufacturer/swast-aushadhi-seva-generic-medicine-store-81567?pageNumber=3
1674888966-13,https://www.1mg.com/manufacturer/swast-aushadhi-seva-generic-medicine-store-81567,Genericart Calcium Citrate+Vitamin D3+Magnesium+Zinc 1000mg/200IU/100mg/4mg Tablet,https://www.1mg.com/otc/genericart-calcium-citrate-vitamin-d3-magnesium-zinc-1000mg-200iu-100mg-4mg-tablet-otc607993,Genericart Calcium Citrate+Vitamin D3+Magnesium+Zinc 1000mg/200IU/100mg/4mg Tablet,null,null,null,null,3,https://www.1mg.com/manufacturer/swast-aushadhi-seva-generic-medicine-store-81567?pageNumber=3
1674888971-14,https://www.1mg.com/manufacturer/swast-aushadhi-seva-generic-medicine-store-81567,Genericart Betahistine Hydrochloride 8mg Tablet,https://www.1mg.com/drugs/genericart-betahistine-hydrochloride-8mg-tablet-607796,Genericart Betahistine Hydrochloride 8mg Tablet,null,4.1,₹ 50,HeadacheIndigestionNauseaStomach painBloating,3,https://www.1mg.com/manufacturer/swast-aushadhi-seva-generic-medicine-store-81567?pageNumber=3
1674888976-15,https://www.1mg.com/manufacturer/swast-aushadhi-seva-generic-medicine-store-81567,Genericart Azithromycin 500mg Tablet,https://www.1mg.com/drugs/genericart-azithromycin-500mg-tablet-607790,Genericart Azithromycin 500mg Tablet,Treatment of Bacterial infections,4.1,₹ 64,VomitingNauseaAbdominal painDiarrhea,3,https://www.1mg.com/manufacturer/swast-aushadhi-seva-generic-medicine-store-81567?pageNumber=3
1674888980-16,https://www.1mg.com/manufacturer/swast-aushadhi-seva-generic-medicine-store-81567,Genericart Azithromycin 250mg Tablet,https://www.1mg.com/drugs/genericart-azithromycin-250mg-tablet-607789,Genericart Azithromycin 250mg Tablet,Treatment of Bacterial infections,4.1,₹ 64,VomitingNauseaAbdominal painDiarrhea,3,https://www.1mg.com/manufacturer/swast-aushadhi-seva-generic-medicine-store-81567?pageNumber=3
1674888984-17,https://www.1mg.com/manufacturer/swast-aushadhi-seva-generic-medicine-store-81567,Genericart Atorvastatin+Aspirin 20mg/75mg Capsule IR,https://www.1mg.com/drugs/genericart-atorvastatin-aspirin-20mg-75mg-capsule-ir-607986,Genericart Atorvastatin+Aspirin 20mg/75mg Capsule IR,High cholesterol,4.6,₹ 46,IndigestionDiarrheaJoint painNasopharyngitis (inflammation of the throat and nasal passages)NauseaPain in extremitiesUrinary tract infectionAbnormal liver function tests,3,https://www.1mg.com/manufacturer/swast-aushadhi-seva-generic-medicine-store-81567?pageNumber=3
1674888988-18,https://www.1mg.com/manufacturer/swast-aushadhi-seva-generic-medicine-store-81567,Genericart Aspirin+Rosuvastatin+Clopidogrel 75mg/20mg/75mg Capsule SR,https://www.1mg.com/drugs/genericart-aspirin-rosuvastatin-clopidogrel-75mg-20mg-75mg-capsule-sr-607846,Genericart Aspirin+Rosuvastatin+Clopidogrel 75mg/20mg/75mg Capsule SR,Heart attack,4.9,₹ 170,Increased bleeding tendencyAbdominal painIndigestionBruiseNosebleedsGastrointestinal bleedingWeaknessHeadacheMuscle painDiarrheaNausea,3,https://www.1mg.com/manufacturer/swast-aushadhi-seva-generic-medicine-store-81567?pageNumber=3
1674888993-19,https://www.1mg.com/manufacturer/swast-aushadhi-seva-generic-medicine-store-81567,Genericart Aspirin+Clopidogrel Bisulphate 75mg/75mg Capsule,https://www.1mg.com/drugs/genericart-aspirin-clopidogrel-bisulphate-75mg-75mg-capsule-607869,Genericart Aspirin+Clopidogrel Bisulphate 75mg/75mg Capsule,null,4.6,₹ 30,Abdominal painBruiseDiarrheaGastrointestinal bleedingIncreased bleeding tendencyNosebleeds,3,https://www.1mg.com/manufacturer/swast-aushadhi-seva-generic-medicine-store-81567?pageNumber=3
1674888997-20,https://www.1mg.com/manufacturer/swast-aushadhi-seva-generic-medicine-store-81567,Genericart Aspirin+Atorvastatin+Clopidogrel 75mg/10mg/75mg Capsule IR,https://www.1mg.com/drugs/genericart-aspirin-atorvastatin-clopidogrel-75mg-10mg-75mg-capsule-ir-607982,Genericart Aspirin+Atorvastatin+Clopidogrel 75mg/10mg/75mg Capsule IR,Prevention of Angina (heart-related chest pain),4.7,₹ 83,Increased bleeding tendencyDyspepsia,3,https://www.1mg.com/manufacturer/swast-aushadhi-seva-generic-medicine-store-81567?pageNumber=3
1674889000-21,https://www.1mg.com/manufacturer/swast-aushadhi-seva-generic-medicine-store-81567,Genericart Amlodipine+Hydrochlorothiazide 5mg/12.5mg Tablet,https://www.1mg.com/drugs/genericart-amlodipine-hydrochlorothiazide-5mg-12.5mg-tablet-607755,Genericart Amlodipine+Hydrochlorothiazide 5mg/12.5mg Tablet,Hypertension (high blood pressure),4.9,₹ 41,"Glucose intoleranceSleepinessAnkle swellingHeadacheFlushing (sense of warmth in the face, ears, neck and trunk)TirednessPalpitationsNauseaIncreased blood uric acidDecreased potassium level in bloodAltered blood lipid level",3,https://www.1mg.com/manufacturer/swast-aushadhi-seva-generic-medicine-store-81567?pageNumber=3
1674889004-22,https://www.1mg.com/manufacturer/swast-aushadhi-seva-generic-medicine-store-81567,Genericart Amlodipine Besylate+Metoprolol Succinate 5mg/25mg Tablet ER,https://www.1mg.com/drugs/genericart-amlodipine-besylate-metoprolol-succinate-5mg-25mg-tablet-er-608022,Genericart Amlodipine Besylate+Metoprolol Succinate 5mg/25mg Tablet ER,Treatment of Hypertension (high blood pressure),4.7,₹ 55,"NauseaSlow heart rateAbdominal painDizzinessFatigueSleepinessAnkle swellingConstipationEdema (swelling)Flushing (sense of warmth in the face, ears, neck and trunk)PalpitationsHeadacheVomitingVisual disturbanceOrthostatic hypotension (sudden lowering of blood pressure on standing)BreathlessnessMuscle cramp",3,https://www.1mg.com/manufacturer/swast-aushadhi-seva-generic-medicine-store-81567?pageNumber=3
1674889009-23,https://www.1mg.com/manufacturer/swast-aushadhi-seva-generic-medicine-store-81567,Genericart Amlodipine 2.5mg Tablet,https://www.1mg.com/drugs/genericart-amlodipine-2.5mg-tablet-607754,Genericart Amlodipine 2.5mg Tablet,Treatment of Hypertension (high blood pressure),4.9,₹ 16,HeadacheFatigueNauseaAbdominal painSleepiness,3,https://www.1mg.com/manufacturer/swast-aushadhi-seva-generic-medicine-store-81567?pageNumber=3
1674889013-24,https://www.1mg.com/manufacturer/swast-aushadhi-seva-generic-medicine-store-81567,Genericart Amitriptyline Hydrochloride 25mg Tablet,https://www.1mg.com/drugs/genericart-amitriptyline-hydrochloride-25mg-tablet-607751,Genericart Amitriptyline Hydrochloride 25mg Tablet,Treatment of Depression,4.6,₹ 21,ConstipationDryness in mouthOrthostatic hypotension (sudden lowering of blood pressure on standing)Weight gainAggressive behaviorNasal congestion (stuffy nose)SleepinessDizzinessHeadacheDecreased libidoNauseaFatigueConfusionTremorsSpeech disorderPalpitationsTaste changeParesthesia (tingling or pricking sensation)Abnormality of voluntary movementsLoss of accommodationAtrioventricular blockMicturition disordersErectile dysfunctionAbnormal ECGDecreased sodium level in blood,3,https://www.1mg.com/manufacturer/swast-aushadhi-seva-generic-medicine-store-81567?pageNumber=3
1674889017-25,https://www.1mg.com/manufacturer/swast-aushadhi-seva-generic-medicine-store-81567,Genericart Aceclofenac+Paracetamol+Chlorzoxazone 100mg/325mg/250mg Tablet,https://www.1mg.com/drugs/genericart-aceclofenac-paracetamol-chlorzoxazone-100mg-325mg-250mg-tablet-607741,Genericart Aceclofenac+Paracetamol+Chlorzoxazone 100mg/325mg/250mg Tablet,null,5,₹ 75,NauseaVomitingHeartburnStomach painDiarrheaLoss of appetiteTirednessSleepiness,3,https://www.1mg.com/manufacturer/swast-aushadhi-seva-generic-medicine-store-81567?pageNumber=3
1674889020-26,https://www.1mg.com/manufacturer/swast-aushadhi-seva-generic-medicine-store-81567,Genericart Voglibose+Metformin Hydrochloride+Gliclazide 0.2mg/500mg/80mg Tablet,https://www.1mg.com/drugs/genericart-voglibose-metformin-hydrochloride-gliclazide-0.2mg-500mg-80mg-tablet-607743,Genericart Voglibose+Metformin Hydrochloride+Gliclazide 0.2mg/500mg/80mg Tablet,Treatment of Type 2 diabetes mellitus,4.2,₹ 166,Hypoglycemia (low blood glucose level)NauseaTaste changeDiarrheaStomach painFlatulenceHeadacheSkin rashRespiratory tract infection,3,https://www.1mg.com/manufacturer/swast-aushadhi-seva-generic-medicine-store-81567?pageNumber=3
1674889024-27,https://www.1mg.com/manufacturer/swast-aushadhi-seva-generic-medicine-store-81567,Genericart Voglibose+Metformin Hydrochloride+Gliclazide 0.2mg/500mg/40mg Tablet,https://www.1mg.com/drugs/genericart-voglibose-metformin-hydrochloride-gliclazide-0.2mg-500mg-40mg-tablet-607736,Genericart Voglibose+Metformin Hydrochloride+Gliclazide 0.2mg/500mg/40mg Tablet,Treatment of Type 2 diabetes mellitus,4.2,₹ 147,Hypoglycemia (low blood glucose level)NauseaTaste changeDiarrheaStomach painFlatulenceHeadacheSkin rashRespiratory tract infection,3,https://www.1mg.com/manufacturer/swast-aushadhi-seva-generic-medicine-store-81567?pageNumber=3
1674889028-28,https://www.1mg.com/manufacturer/swast-aushadhi-seva-generic-medicine-store-81567,Genericart Voglibose 0.3mg Tablet,https://www.1mg.com/drugs/genericart-voglibose-0.3mg-tablet-607945,Genericart Voglibose 0.3mg Tablet,Treatment of Type 2 diabetes mellitus,4.3,₹ 83,Skin rashFlatulenceAbdominal painDiarrhea,3,https://www.1mg.com/manufacturer/swast-aushadhi-seva-generic-medicine-store-81567?pageNumber=3
1674889033-29,https://www.1mg.com/manufacturer/swast-aushadhi-seva-generic-medicine-store-81567,Genericart Voglibose 0.2mg Tablet MD,https://www.1mg.com/drugs/genericart-voglibose-0.2mg-tablet-md-607957,Genericart Voglibose 0.2mg Tablet MD,Treatment of Type 2 diabetes mellitus,4.2,₹ 77,Skin rashFlatulenceAbdominal painDiarrhea,3,https://www.1mg.com/manufacturer/swast-aushadhi-seva-generic-medicine-store-81567?pageNumber=3
1674889037-30,https://www.1mg.com/manufacturer/swast-aushadhi-seva-generic-medicine-store-81567,Genericart Vildagliptin 100mg Tablet,https://www.1mg.com/drugs/genericart-vildagliptin-100mg-tablet-607937,Genericart Vildagliptin 100mg Tablet,Treatment of Type 2 diabetes mellitus,4.2,₹ 230,Hypoglycemia (low blood glucose level)TremorsHeadacheDizzinessFatigueNausea,3,https://www.1mg.com/manufacturer/swast-aushadhi-seva-generic-medicine-store-81567?pageNumber=3
1674889041-31,https://www.1mg.com/manufacturer/swast-aushadhi-seva-generic-medicine-store-81567,Genericart Torasemide 5mg Tablet,https://www.1mg.com/drugs/genericart-torasemide-5mg-tablet-607932,Genericart Torasemide 5mg Tablet,Treatment of Hypertension (high blood pressure),4.7,₹ 23,HeadacheDizzinessDehydrationConstipationDecreased blood pressureUpset stomach,3,https://www.1mg.com/manufacturer/swast-aushadhi-seva-generic-medicine-store-81567?pageNumber=3
1674889045-32,https://www.1mg.com/manufacturer/swast-aushadhi-seva-generic-medicine-store-81567,Genericart Telmisartan+Hydrochlorothiazide 80mg/12.5mg Tablet,https://www.1mg.com/drugs/genericart-telmisartan-hydrochlorothiazide-80mg-12.5mg-tablet-607922,Genericart Telmisartan+Hydrochlorothiazide 80mg/12.5mg Tablet,Treatment of Hypertension (high blood pressure),4.7,₹ 107,FatigueDizzinessNauseaDiarrheaSinus inflammationFlu-like symptomsUpper respiratory tract infection,3,https://www.1mg.com/manufacturer/swast-aushadhi-seva-generic-medicine-store-81567?pageNumber=3
1674889050-33,https://www.1mg.com/manufacturer/swast-aushadhi-seva-generic-medicine-store-81567,Genericart Sodium Valproate+Valproic Acid 200mg/87mg Tablet,https://www.1mg.com/drugs/genericart-sodium-valproate-valproic-acid-200mg-87mg-tablet-607876,Genericart Sodium Valproate+Valproic Acid 200mg/87mg Tablet,Epilepsy,4.8,₹ 56,NauseaVomitingWeight gainLoss of appetiteGum swellingHeadacheSleepinessTremorsHair lossLiver injury,3,https://www.1mg.com/manufacturer/swast-aushadhi-seva-generic-medicine-store-81567?pageNumber=3
1674889056-34,https://www.1mg.com/manufacturer/swast-aushadhi-seva-generic-medicine-store-81567,Genericart Rosuvastatin+Clopidogrel 10mg/75mg Tablet,https://www.1mg.com/drugs/genericart-rosuvastatin-clopidogrel-10mg-75mg-tablet-607856,Genericart Rosuvastatin+Clopidogrel 10mg/75mg Tablet,Heart attack prevention and high cholesterol,4.9,₹ 120,IndigestionDiarrheaStomach painConstipationWeaknessHeadacheDizzinessMuscle painIncreased glucose level in bloodIncreased liver enzymes,3,https://www.1mg.com/manufacturer/swast-aushadhi-seva-generic-medicine-store-81567?pageNumber=3
1674889061-35,https://www.1mg.com/manufacturer/swast-aushadhi-seva-generic-medicine-store-81567,Genericart Rosuvastatin 20mg Tablet,https://www.1mg.com/drugs/genericart-rosuvastatin-20mg-tablet-607861,Genericart Rosuvastatin 20mg Tablet,Treatment of High cholesterol,4.7,₹ 202,Muscle painWeaknessHeadacheAbdominal painDizzinessJoint painNausea,3,https://www.1mg.com/manufacturer/swast-aushadhi-seva-generic-medicine-store-81567?pageNumber=3
1674889066-36,https://www.1mg.com/manufacturer/swast-aushadhi-seva-generic-medicine-store-81567,Genericart Repaglinide 1mg Tablet,https://www.1mg.com/drugs/genericart-repaglinide-1mg-tablet-607825,Genericart Repaglinide 1mg Tablet,Treatment of Type 2 diabetes mellitus,4.1,₹ 95,Upper respiratory tract infectionHeadacheHypoglycemia (low blood glucose level),3,https://www.1mg.com/manufacturer/swast-aushadhi-seva-generic-medicine-store-81567?pageNumber=3
1674889071-37,https://www.1mg.com/manufacturer/swast-aushadhi-seva-generic-medicine-store-81567,Genericart Rabeprazole 20mg Tablet,https://www.1mg.com/drugs/genericart-rabeprazole-20mg-tablet-607798,Genericart Rabeprazole 20mg Tablet,Gastroesophageal reflux disease (Acid reflux),4.1,₹ 59,DiarrheaDizzinessFlatulenceHeadacheNauseaSore throatStomach painVomiting,3,https://www.1mg.com/manufacturer/swast-aushadhi-seva-generic-medicine-store-81567?pageNumber=3
1674889074-38,https://www.1mg.com/manufacturer/swast-aushadhi-seva-generic-medicine-store-81567,Genericart Pantoprazole 40mg Tablet,https://www.1mg.com/drugs/genericart-pantoprazole-40mg-tablet-606970,Genericart Pantoprazole 40mg Tablet,Treatment of Heartburn,4.1,₹ 74,DiarrheaFlatulenceHeadacheNauseaStomach painVomitingDizziness,3,https://www.1mg.com/manufacturer/swast-aushadhi-seva-generic-medicine-store-81567?pageNumber=3
1674889078-39,https://www.1mg.com/manufacturer/swast-aushadhi-seva-generic-medicine-store-81567,Genericart Oxcarbazepine 450mg Tablet,https://www.1mg.com/drugs/genericart-oxcarbazepine-450mg-tablet-607733,Genericart Oxcarbazepine 450mg Tablet,Epilepsy/Seizures,4.6,₹ 133,HeadacheNauseaVomitingFatigueDizzinessNystagmus (involuntary eye movement)TremorsVertigoDrowsinessAbnormality of voluntary movementsAbnormal gaitVisual disturbance,3,https://www.1mg.com/manufacturer/swast-aushadhi-seva-generic-medicine-store-81567?pageNumber=3
1674889082-40,https://www.1mg.com/manufacturer/swast-aushadhi-seva-generic-medicine-store-81567,Genericart Oxcarbazepine 300mg Tablet,https://www.1mg.com/drugs/genericart-oxcarbazepine-300mg-tablet-607727,Genericart Oxcarbazepine 300mg Tablet,Epilepsy/Seizures,4.4,₹ 101,HeadacheNauseaVomitingFatigueDizzinessNystagmus (involuntary eye movement)TremorsVertigoDrowsinessAbnormality of voluntary movementsAbnormal gaitVisual disturbance,3,https://www.1mg.com/manufacturer/swast-aushadhi-seva-generic-medicine-store-81567?pageNumber=3
1674889085-41,https://www.1mg.com/manufacturer/swast-aushadhi-seva-generic-medicine-store-81567,Genericart Olmesartan Medoxomil+Amlodipine+Hydrochlorothiazide 40mg/5mg/12.5mg Tablet,https://www.1mg.com/drugs/genericart-olmesartan-medoxomil-amlodipine-hydrochlorothiazide-40mg-5mg-12.5mg-tablet-607731,Genericart Olmesartan Medoxomil+Amlodipine+Hydrochlorothiazide 40mg/5mg/12.5mg Tablet,Hypertension (high blood pressure),4.7,₹ 189,HeadacheDizzinessNauseaUpper respiratory tract infectionFatigueUrinary tract infectionDiarrheaJoint swellingPeripheral edemaNasopharyngitis (inflammation of the throat and nasal passages)Muscle spasm,3,https://www.1mg.com/manufacturer/swast-aushadhi-seva-generic-medicine-store-81567?pageNumber=3
1674889089-42,https://www.1mg.com/manufacturer/swast-aushadhi-seva-generic-medicine-store-81567,Genericart Olmesartan Medoxomil+Amlodipine+Hydrochlorothiazide 20mg/5mg/12.5mg Tablet,https://www.1mg.com/drugs/genericart-olmesartan-medoxomil-amlodipine-hydrochlorothiazide-20mg-5mg-12.5mg-tablet-607952,Genericart Olmesartan Medoxomil+Amlodipine+Hydrochlorothiazide 20mg/5mg/12.5mg Tablet,Hypertension (high blood pressure),4.7,₹ 138,HeadacheDizzinessNauseaUpper respiratory tract infectionFatigueUrinary tract infectionDiarrheaJoint swellingPeripheral edemaNasopharyngitis (inflammation of the throat and nasal passages)Muscle spasm,3,https://www.1mg.com/manufacturer/swast-aushadhi-seva-generic-medicine-store-81567?pageNumber=3
1674889093-43,https://www.1mg.com/manufacturer/swast-aushadhi-seva-generic-medicine-store-81567,Genericart Olmesartan Medoxomil 10mg Tablet,https://www.1mg.com/drugs/genericart-olmesartan-medoxomil-10mg-tablet-607948,Genericart Olmesartan Medoxomil 10mg Tablet,Hypertension (high blood pressure),4.9,₹ 52,CoughDiarrheaDizzinessFlu-like symptomsHeadacheIndigestionNauseaRunny noseSore throatStomach pain,3,https://www.1mg.com/manufacturer/swast-aushadhi-seva-generic-medicine-store-81567?pageNumber=3
1674889097-44,https://www.1mg.com/manufacturer/swast-aushadhi-seva-generic-medicine-store-81567,Genericart Nimesulide 100mg Tablet,https://www.1mg.com/drugs/genericart-nimesulide-100mg-tablet-607985,Genericart Nimesulide 100mg Tablet,Pain relief,4.4,₹ 35,VomitingNauseaDiarrhea,3,https://www.1mg.com/manufacturer/swast-aushadhi-seva-generic-medicine-store-81567?pageNumber=3
1674889102-45,https://www.1mg.com/manufacturer/swast-aushadhi-seva-generic-medicine-store-81567,Genericart Nifedipine 20mg Tablet SR,https://www.1mg.com/drugs/genericart-nifedipine-20mg-tablet-sr-607989,Genericart Nifedipine 20mg Tablet SR,Treatment of Hypertension (high blood pressure),4.6,₹ 20,"DizzinessFatigueFlushing (sense of warmth in the face, ears, neck and trunk)HeadachePeripheral edema",3,https://www.1mg.com/manufacturer/swast-aushadhi-seva-generic-medicine-store-81567?pageNumber=3
1674889106-46,https://www.1mg.com/manufacturer/swast-aushadhi-seva-generic-medicine-store-81567,Genericart Nebivolol 2.5mg Tablet,https://www.1mg.com/drugs/genericart-nebivolol-2.5mg-tablet-607970,Genericart Nebivolol 2.5mg Tablet,Treatment of Hypertension (high blood pressure),4.6,₹ 56,NauseaHeadacheSlow heart rateFatigueConstipationDiarrheaDizzinessCold extremities,3,https://www.1mg.com/manufacturer/swast-aushadhi-seva-generic-medicine-store-81567?pageNumber=3
1674889110-47,https://www.1mg.com/manufacturer/swast-aushadhi-seva-generic-medicine-store-81567,Genericart Metoprolol Tartrate 50mg Tablet,https://www.1mg.com/drugs/genericart-metoprolol-tartrate-50mg-tablet-607992,Genericart Metoprolol Tartrate 50mg Tablet,Treatment of Hypertension (high blood pressure),4.7,₹ 41,Orthostatic hypotension (sudden lowering of blood pressure on standing)Slow heart rateHeadacheDizzinessTirednessStomach painNauseaBreathlessness,3,https://www.1mg.com/manufacturer/swast-aushadhi-seva-generic-medicine-store-81567?pageNumber=3
1674889114-48,https://www.1mg.com/manufacturer/swast-aushadhi-seva-generic-medicine-store-81567,Genericart Metoprolol Succinate+Hydrochlorothiazide 50mg/12.5mg Tablet ER,https://www.1mg.com/drugs/genericart-metoprolol-succinate-hydrochlorothiazide-50mg-12.5mg-tablet-er-608018,Genericart Metoprolol Succinate+Hydrochlorothiazide 50mg/12.5mg Tablet ER,Hypertension (high blood pressure),4.7,₹ 76,FatigueNasopharyngitis (inflammation of the throat and nasal passages),3,https://www.1mg.com/manufacturer/swast-aushadhi-seva-generic-medicine-store-81567?pageNumber=3
1674889119-49,https://www.1mg.com/manufacturer/swast-aushadhi-seva-generic-medicine-store-81567,Genericart Metoprolol Succinate 12.5mg Tablet ER,https://www.1mg.com/drugs/genericart-metoprolol-succinate-12.5mg-tablet-er-608030,Genericart Metoprolol Succinate 12.5mg Tablet ER,Treatment of Hypertension (high blood pressure),4.7,₹ 33,FatigueHeadacheSlow heart rateDizzinessNauseaBreathlessness,3,https://www.1mg.com/manufacturer/swast-aushadhi-seva-generic-medicine-store-81567?pageNumber=3
1674889123-50,https://www.1mg.com/manufacturer/swast-aushadhi-seva-generic-medicine-store-81567,Genericart Methylprednisolone 4mg Tablet,https://www.1mg.com/drugs/genericart-methylprednisolone-4mg-tablet-608016,Genericart Methylprednisolone 4mg Tablet,Treatment of Allergic conditions,null,₹ 56,Thinning of skinIncreased risk of infectionReduction in bone densityWeight gainMood changesUpset stomachBehavioral changes,3,https://www.1mg.com/manufacturer/swast-aushadhi-seva-generic-medicine-store-81567?pageNumber=3
1674889130-51,https://www.1mg.com/manufacturer/swast-aushadhi-seva-generic-medicine-store-81567,Genericart Metoprolol Succinate+Hydrochlorothiazide 25mg /12.5mg Tablet ER,https://www.1mg.com/drugs/genericart-metoprolol-succinate-hydrochlorothiazide-25mg-12.5mg-tablet-er-607994,Genericart Metoprolol Succinate+Hydrochlorothiazide 25mg /12.5mg Tablet ER,Hypertension (high blood pressure),4.9,₹ 57,FatigueNasopharyngitis (inflammation of the throat and nasal passages),2,https://www.1mg.com/manufacturer/swast-aushadhi-seva-generic-medicine-store-81567?pageNumber=2
1674889134-52,https://www.1mg.com/manufacturer/swast-aushadhi-seva-generic-medicine-store-81567,Genericart Metoprolol Succinate 50mg Tablet ER,https://www.1mg.com/drugs/genericart-metoprolol-succinate-50mg-tablet-er-608033,Genericart Metoprolol Succinate 50mg Tablet ER,Treatment of Hypertension (high blood pressure),4.7,₹ 51,FatigueHeadacheSlow heart rateDizzinessNauseaBreathlessness,2,https://www.1mg.com/manufacturer/swast-aushadhi-seva-generic-medicine-store-81567?pageNumber=2
1674889138-53,https://www.1mg.com/manufacturer/swast-aushadhi-seva-generic-medicine-store-81567,Genericart Methylprednisolone 8mg Tablet,https://www.1mg.com/drugs/genericart-methylprednisolone-8mg-tablet-608013,Genericart Methylprednisolone 8mg Tablet,Treatment of Allergic conditions,null,₹ 52,Thinning of skinIncreased risk of infectionReduction in bone densityWeight gainMood changesUpset stomachBehavioral changes,2,https://www.1mg.com/manufacturer/swast-aushadhi-seva-generic-medicine-store-81567?pageNumber=2
1674889142-54,https://www.1mg.com/manufacturer/swast-aushadhi-seva-generic-medicine-store-81567,Genericart Metformin Hydrochloride 500mg Tablet SR,https://www.1mg.com/drugs/genericart-metformin-hydrochloride-500mg-tablet-sr-608006,Genericart Metformin Hydrochloride 500mg Tablet SR,Treatment of Type 2 diabetes mellitus,4.8,₹ 19,DiarrheaNauseaVomitingFlatulence,2,https://www.1mg.com/manufacturer/swast-aushadhi-seva-generic-medicine-store-81567?pageNumber=2
1674889146-55,https://www.1mg.com/manufacturer/swast-aushadhi-seva-generic-medicine-store-81567,Genericart Metformin Hydrochloride 500mg Tablet,https://www.1mg.com/drugs/genericart-metformin-hydrochloride-500mg-tablet-608004,Genericart Metformin Hydrochloride 500mg Tablet,Treatment of Type 2 diabetes mellitus,4.3,₹ 18,DiarrheaNauseaVomitingFlatulence,2,https://www.1mg.com/manufacturer/swast-aushadhi-seva-generic-medicine-store-81567?pageNumber=2
1674889150-56,https://www.1mg.com/manufacturer/swast-aushadhi-seva-generic-medicine-store-81567,Genericart Metformin Hydrochloride 250mg Tablet,https://www.1mg.com/drugs/genericart-metformin-hydrochloride-250mg-tablet-608002,Genericart Metformin Hydrochloride 250mg Tablet,Treatment of Type 2 diabetes mellitus,4.1,₹ 10,DiarrheaNauseaVomitingFlatulence,2,https://www.1mg.com/manufacturer/swast-aushadhi-seva-generic-medicine-store-81567?pageNumber=2
1674889153-57,https://www.1mg.com/manufacturer/swast-aushadhi-seva-generic-medicine-store-81567,Genericart Losartan Potassium+Amlodipine 50mg/5mg Tablet,https://www.1mg.com/drugs/genericart-losartan-potassium-amlodipine-50mg-5mg-tablet-607902,Genericart Losartan Potassium+Amlodipine 50mg/5mg Tablet,Hypertension (high blood pressure),4.7,₹ 66,"SleepinessAnkle swellingHeadacheFlushing (sense of warmth in the face, ears, neck and trunk)DizzinessPalpitationsIncreased potassium level in bloodFatigueNauseaEdema (swelling)Abdominal painVisual disturbanceBreathlessnessChange in bowel habitsNasal congestion (stuffy nose)Upper respiratory tract infection",2,https://www.1mg.com/manufacturer/swast-aushadhi-seva-generic-medicine-store-81567?pageNumber=2
1674889157-58,https://www.1mg.com/manufacturer/swast-aushadhi-seva-generic-medicine-store-81567,Genericart Levetiracetam 750mg Tablet,https://www.1mg.com/drugs/genericart-levetiracetam-750mg-tablet-607866,Genericart Levetiracetam 750mg Tablet,Treatment of Epilepsy/Seizures,4.8,₹ 168,SleepinessDizzinessFatigueHeadacheDecreased appetiteBehavioral changesAggressive behaviorIrritationAgitationNasal congestion (stuffy nose)Infection,2,https://www.1mg.com/manufacturer/swast-aushadhi-seva-generic-medicine-store-81567?pageNumber=2
1674889160-59,https://www.1mg.com/manufacturer/swast-aushadhi-seva-generic-medicine-store-81567,Genericart Isosorbide Mononitrate  30mg Tablet PR,https://www.1mg.com/drugs/genericart-isosorbide-mononitrate-30mg-tablet-pr-607835,Genericart Isosorbide Mononitrate  30mg Tablet PR,Prevention of Angina (heart-related chest pain),4.7,₹ 42,"HeadacheDizzinessFlushing (sense of warmth in the face, ears, neck and trunk)Orthostatic hypotension (sudden lowering of blood pressure on standing)",2,https://www.1mg.com/manufacturer/swast-aushadhi-seva-generic-medicine-store-81567?pageNumber=2
1674889164-60,https://www.1mg.com/manufacturer/swast-aushadhi-seva-generic-medicine-store-81567,Genericart Hydroxyzine Hydrochloride 25mg Tablet,https://www.1mg.com/drugs/genericart-hydroxyzine-hydrochloride-25mg-tablet-607828,Genericart Hydroxyzine Hydrochloride 25mg Tablet,Treatment of Anxiety,4.4,₹ 48,SedationNauseaVomitingUpset stomachConstipation,2,https://www.1mg.com/manufacturer/swast-aushadhi-seva-generic-medicine-store-81567?pageNumber=2
1674889168-61,https://www.1mg.com/manufacturer/swast-aushadhi-seva-generic-medicine-store-81567,Genericart Glimepiride+Metformin  2mg/1000mg Tablet PR,https://www.1mg.com/drugs/genericart-glimepiride-metformin-2mg-1000mg-tablet-pr-607772,Genericart Glimepiride+Metformin  2mg/1000mg Tablet PR,Treatment of Type 2 diabetes mellitus,4.1,₹ 106,Hypoglycemia (low blood glucose level)HeadacheNauseaDiarrheaFlatulence,2,https://www.1mg.com/manufacturer/swast-aushadhi-seva-generic-medicine-store-81567?pageNumber=2
1674889173-62,https://www.1mg.com/manufacturer/swast-aushadhi-seva-generic-medicine-store-81567,Genericart Glimepiride 4mg Tablet,https://www.1mg.com/drugs/genericart-glimepiride-4mg-tablet-607787,Genericart Glimepiride 4mg Tablet,Treatment of Type 2 diabetes mellitus,4.8,₹ 92,Hypoglycemia (low blood glucose level)HeadacheNauseaDizziness,2,https://www.1mg.com/manufacturer/swast-aushadhi-seva-generic-medicine-store-81567?pageNumber=2
1674889178-63,https://www.1mg.com/manufacturer/swast-aushadhi-seva-generic-medicine-store-81567,Genericart Voglibose+Metformin Hydrochloride+Gliclazide 0.3mg + 500mg + 80mg Tablet,https://www.1mg.com/drugs/genericart-voglibose-metformin-hydrochloride-gliclazide-0.3mg-500mg-80mg-tablet-607747,Genericart Voglibose+Metformin Hydrochloride+Gliclazide 0.3mg + 500mg + 80mg Tablet,Treatment of Type 2 diabetes mellitus,4.3,₹ 184,Hypoglycemia (low blood glucose level)NauseaTaste changeDiarrheaStomach painFlatulenceHeadacheSkin rashRespiratory tract infection,2,https://www.1mg.com/manufacturer/swast-aushadhi-seva-generic-medicine-store-81567?pageNumber=2
1674889182-64,https://www.1mg.com/manufacturer/swast-aushadhi-seva-generic-medicine-store-81567,Genericart Trypsin+Rutoside Trihydrate+Bromelain+Aceclofenac 48mg/100mg/90mg/50mg Tablet,https://www.1mg.com/drugs/genericart-trypsin-rutoside-trihydrate-bromelain-aceclofenac-48mg-100mg-90mg-50mg-tablet-607990,Genericart Trypsin+Rutoside Trihydrate+Bromelain+Aceclofenac 48mg/100mg/90mg/50mg Tablet,Pain relief,null,₹ 226,NauseaVomitingHeartburnStomach painIndigestionLoss of appetiteDiarrhea,2,https://www.1mg.com/manufacturer/swast-aushadhi-seva-generic-medicine-store-81567?pageNumber=2
1674889186-65,https://www.1mg.com/manufacturer/swast-aushadhi-seva-generic-medicine-store-81567,Genericart Trypsin+Bromelain+Rutoside Trihydrate+Diclofenac 48mg/90mg/100mg/50mg Tablet,https://www.1mg.com/drugs/genericart-trypsin-bromelain-rutoside-trihydrate-diclofenac-48mg-90mg-100mg-50mg-tablet-607996,Genericart Trypsin+Bromelain+Rutoside Trihydrate+Diclofenac 48mg/90mg/100mg/50mg Tablet,Pain relief,null,₹ 140,NauseaVomitingHeartburnIndigestionDiarrheaLoss of appetiteStomach pain,2,https://www.1mg.com/manufacturer/swast-aushadhi-seva-generic-medicine-store-81567?pageNumber=2
1674889190-66,https://www.1mg.com/manufacturer/swast-aushadhi-seva-generic-medicine-store-81567,Genericart Terbinafine 250mg Tablet,https://www.1mg.com/drugs/genericart-terbinafine-250mg-tablet-607929,Genericart Terbinafine 250mg Tablet,Fungal infections,4.4,₹ 175,HeadacheDiarrheaRashIndigestionAbnormal liver enzymeItchingTaste changeNauseaAbdominal painFlatulence,2,https://www.1mg.com/manufacturer/swast-aushadhi-seva-generic-medicine-store-81567?pageNumber=2
1674889194-67,https://www.1mg.com/manufacturer/swast-aushadhi-seva-generic-medicine-store-81567,Genericart Telmisartan+Hydrochlorothiazide 40mg/12.5mg Tablet,https://www.1mg.com/drugs/genericart-telmisartan-hydrochlorothiazide-40mg-12.5mg-tablet-607914,Genericart Telmisartan+Hydrochlorothiazide 40mg/12.5mg Tablet,Treatment of Hypertension (high blood pressure),4.7,₹ 69,FatigueDizzinessNauseaDiarrheaSinus inflammationFlu-like symptomsUpper respiratory tract infection,2,https://www.1mg.com/manufacturer/swast-aushadhi-seva-generic-medicine-store-81567?pageNumber=2
1674889198-68,https://www.1mg.com/manufacturer/swast-aushadhi-seva-generic-medicine-store-81567,Genericart Telmisartan+Amlodipine 80mg/5mg Tablet,https://www.1mg.com/drugs/genericart-telmisartan-amlodipine-80mg-5mg-tablet-607921,Genericart Telmisartan+Amlodipine 80mg/5mg Tablet,Treatment of Hypertension (high blood pressure),4.7,₹ 101,"SleepinessAnkle swellingHeadacheFlushing (sense of warmth in the face, ears, neck and trunk)DizzinessTirednessPalpitationsUpset stomachIncreased potassium level in blood",2,https://www.1mg.com/manufacturer/swast-aushadhi-seva-generic-medicine-store-81567?pageNumber=2
1674889203-69,https://www.1mg.com/manufacturer/swast-aushadhi-seva-generic-medicine-store-81567,Genericart Tamsulosin 0.4mg Tablet,https://www.1mg.com/drugs/genericart-tamsulosin-0.4mg-tablet-607881,Genericart Tamsulosin 0.4mg Tablet,Treatment of Benign prostatic hyperplasia,4.6,₹ 75,DizzinessEjaculation disorderHeadacheNauseaInfectionOrthostatic hypotension (sudden lowering of blood pressure on standing)Abdominal pain,2,https://www.1mg.com/manufacturer/swast-aushadhi-seva-generic-medicine-store-81567?pageNumber=2
1674889207-70,https://www.1mg.com/manufacturer/swast-aushadhi-seva-generic-medicine-store-81567,Genericart S-Amlodipine 2.5mg Tablet,https://www.1mg.com/drugs/genericart-s-amlodipine-2.5mg-tablet-607873,Genericart S-Amlodipine 2.5mg Tablet,Treatment of Hypertension (high blood pressure),4.7,₹ 49,"Ankle swellingDizzinessFatigueFlushing (sense of warmth in the face, ears, neck and trunk)HeadachePalpitationsAbdominal painMuscle crampNauseaSleepinessVisual disturbanceDyspepsiaBreathlessnessChange in bowel habits",2,https://www.1mg.com/manufacturer/swast-aushadhi-seva-generic-medicine-store-81567?pageNumber=2
1674889211-71,https://www.1mg.com/manufacturer/swast-aushadhi-seva-generic-medicine-store-81567,Genericart Rosuvastatin 40mg Tablet,https://www.1mg.com/drugs/genericart-rosuvastatin-40mg-tablet-607864,Genericart Rosuvastatin 40mg Tablet,Treatment of High cholesterol,4.9,₹ 313,Muscle painWeaknessHeadacheAbdominal painDizzinessJoint painNausea,2,https://www.1mg.com/manufacturer/swast-aushadhi-seva-generic-medicine-store-81567?pageNumber=2
1674889215-72,https://www.1mg.com/manufacturer/swast-aushadhi-seva-generic-medicine-store-81567,Genericart Rosuvastatin 10mg Tablet,https://www.1mg.com/drugs/genericart-rosuvastatin-10mg-tablet-607851,Genericart Rosuvastatin 10mg Tablet,Treatment of High cholesterol,4.7,₹ 138,Muscle painWeaknessHeadacheAbdominal painDizzinessJoint painNausea,2,https://www.1mg.com/manufacturer/swast-aushadhi-seva-generic-medicine-store-81567?pageNumber=2
1674889219-73,https://www.1mg.com/manufacturer/swast-aushadhi-seva-generic-medicine-store-81567,Genericart Ranolazine 500mg Tablet SR,https://www.1mg.com/drugs/genericart-ranolazine-500mg-tablet-sr-607817,Genericart Ranolazine 500mg Tablet SR,Angina (heart-related chest pain),4.7,₹ 133,NauseaVomitingHeadacheDizzinessConstipationWeakness,2,https://www.1mg.com/manufacturer/swast-aushadhi-seva-generic-medicine-store-81567?pageNumber=2
1674889223-74,https://www.1mg.com/manufacturer/swast-aushadhi-seva-generic-medicine-store-81567,Genericart Ramipril+Hydrochlorothiazide 5mg/12.5mg Tablet,https://www.1mg.com/drugs/genericart-ramipril-hydrochlorothiazide-5mg-12.5mg-tablet-607815,Genericart Ramipril+Hydrochlorothiazide 5mg/12.5mg Tablet,Hypertension (high blood pressure),4.7,₹ 99,NauseaIndigestionTaste changeDiarrheaStomach painHeadacheDizzinessWeaknessGlucose intoleranceIncreased uric acid level in bloodIncreased blood lipid levelElectrolyte imbalanceCoughDecreased blood pressure,2,https://www.1mg.com/manufacturer/swast-aushadhi-seva-generic-medicine-store-81567?pageNumber=2
1674889227-75,https://www.1mg.com/manufacturer/swast-aushadhi-seva-generic-medicine-store-81567,Genericart Ramipril+Hydrochlorothiazide 2.5mg/12.5mg Tablet,https://www.1mg.com/drugs/genericart-ramipril-hydrochlorothiazide-2.5mg-12.5mg-tablet-607812,Genericart Ramipril+Hydrochlorothiazide 2.5mg/12.5mg Tablet,Hypertension (high blood pressure),4.7,₹ 65,NauseaIndigestionTaste changeDiarrheaStomach painHeadacheDizzinessWeaknessGlucose intoleranceIncreased uric acid level in bloodIncreased blood lipid levelElectrolyte imbalanceCoughDecreased blood pressure,2,https://www.1mg.com/manufacturer/swast-aushadhi-seva-generic-medicine-store-81567?pageNumber=2
1674889232-76,https://www.1mg.com/manufacturer/swast-aushadhi-seva-generic-medicine-store-81567,Genericart Pregabalin+Nortriptyline 75mg/10mg Tablet,https://www.1mg.com/drugs/genericart-pregabalin-nortriptyline-75mg-10mg-tablet-607795,Genericart Pregabalin+Nortriptyline 75mg/10mg Tablet,Treatment of Neuropathic pain,4.6,₹ 136,ConstipationDifficulty in urinationWeight gainSleepinessDizzinessTirednessBlurred visionDryness in mouthIncreased heart rateOrthostatic hypotension (sudden lowering of blood pressure on standing)Uncoordinated body movements,,
1674889236-77,https://www.1mg.com/manufacturer/swast-aushadhi-seva-generic-medicine-store-81567,Genericart Pioglitazone 7.5mg Tablet,https://www.1mg.com/drugs/genericart-pioglitazone-7.5mg-tablet-607767,Genericart Pioglitazone 7.5mg Tablet,Treatment of Type 2 diabetes mellitus,4.8,₹ 21,Hypoglycemia (low blood glucose level)Edema (swelling)Upper respiratory tract infectionBronchitis (inflammation of the airways)Anemia (low number of red blood cells),,
1674889241-78,https://www.1mg.com/manufacturer/swast-aushadhi-seva-generic-medicine-store-81567,Genericart Paracetamol 650mg Tablet,https://www.1mg.com/drugs/genericart-paracetamol-650mg-tablet-607762,Genericart Paracetamol 650mg Tablet,Pain relief,null,₹ 17,Stomach painNauseaVomiting,,
1674889245-79,https://www.1mg.com/manufacturer/swast-aushadhi-seva-generic-medicine-store-81567,Genericart Paracetamol 500mg Tablet,https://www.1mg.com/drugs/genericart-paracetamol-500mg-tablet-607759,Genericart Paracetamol 500mg Tablet,Pain relief,null,₹ 8,Stomach painNauseaVomiting,,
1674889249-80,https://www.1mg.com/manufacturer/swast-aushadhi-seva-generic-medicine-store-81567,Genericart Pantoprazole 20mg Tablet,https://www.1mg.com/drugs/genericart-pantoprazole-20mg-tablet-607744,Genericart Pantoprazole 20mg Tablet,Treatment of Heartburn,4.7,₹ 42,DiarrheaFlatulenceHeadacheNauseaStomach painVomitingDizziness,,
1674889254-81,https://www.1mg.com/manufacturer/swast-aushadhi-seva-generic-medicine-store-81567,Genericart Olmesartan Medoxomil+Amlodipine 40mg/5mg Tablet,https://www.1mg.com/drugs/genericart-olmesartan-medoxomil-amlodipine-40mg-5mg-tablet-607729,Genericart Olmesartan Medoxomil+Amlodipine 40mg/5mg Tablet,Hypertension (high blood pressure),4.7,₹ 129,"SleepinessTaste changeAnkle swellingHeadacheFlushing (sense of warmth in the face, ears, neck and trunk)DizzinessTirednessPalpitationsUpset stomachIncreased potassium level in blood",,
1674889258-82,https://www.1mg.com/manufacturer/swast-aushadhi-seva-generic-medicine-store-81567,Genericart Olmesartan Medoxomil 40mg Tablet,https://www.1mg.com/drugs/genericart-olmesartan-medoxomil-40mg-tablet-607961,Genericart Olmesartan Medoxomil 40mg Tablet,Hypertension (high blood pressure),4.7,₹ 147,CoughDiarrheaDizzinessFlu-like symptomsHeadacheIndigestionNauseaRunny noseSore throatStomach pain,,
1674889262-83,https://www.1mg.com/manufacturer/swast-aushadhi-seva-generic-medicine-store-81567,Genericart Nitroglycerin 2.6mg Tablet CR,https://www.1mg.com/drugs/genericart-nitroglycerin-2.6mg-tablet-cr-607981,Genericart Nitroglycerin 2.6mg Tablet CR,Treatment of Angina (heart-related chest pain),4.7,₹ 110,Blurred visionDecreased blood pressureDizzinessHeadacheIncreased heart rateLightheadednessParesthesia (tingling or pricking sensation),,
1674889266-84,https://www.1mg.com/manufacturer/swast-aushadhi-seva-generic-medicine-store-81567,Genericart Nimesulide+Paracetamol 100mg/325mg Tablet,https://www.1mg.com/drugs/genericart-nimesulide-paracetamol-100mg-325mg-tablet-607987,Genericart Nimesulide+Paracetamol 100mg/325mg Tablet,Pain relief,5,null,NauseaVomitingDiarrheaIncreased liver enzymes,,
1674889271-85,https://www.1mg.com/manufacturer/swast-aushadhi-seva-generic-medicine-store-81567,Genericart Nicorandil 10mg Tablet,https://www.1mg.com/drugs/genericart-nicorandil-10mg-tablet-607973,Genericart Nicorandil 10mg Tablet,Treatment of Angina (heart-related chest pain),4.7,₹ 161,"HeadacheNauseaVomitingWeaknessDizzinessFlushing (sense of warmth in the face, ears, neck and trunk)",,
1674889276-86,https://www.1mg.com/manufacturer/swast-aushadhi-seva-generic-medicine-store-81567,Genericart Metoprolol Tartrate 25mg Tablet,https://www.1mg.com/drugs/genericart-metoprolol-tartrate-25mg-tablet-607991,Genericart Metoprolol Tartrate 25mg Tablet,Treatment of Hypertension (high blood pressure),4.7,₹ 28,Orthostatic hypotension (sudden lowering of blood pressure on standing)Slow heart rateHeadacheDizzinessTirednessStomach painNauseaBreathlessness,,
1674889281-87,https://www.1mg.com/manufacturer/swast-aushadhi-seva-generic-medicine-store-81567,Genericart Metformin+Voglibose 500mg/0.3mg Tablet SR,https://www.1mg.com/drugs/genericart-metformin-voglibose-500mg-0.3mg-tablet-sr-607972,Genericart Metformin+Voglibose 500mg/0.3mg Tablet SR,Treatment of Type 2 diabetes mellitus,4.1,₹ 101,FlatulenceDiarrheaBloatingAbdominal painVomitingDecreased appetite,,
1674889285-88,https://www.1mg.com/manufacturer/swast-aushadhi-seva-generic-medicine-store-81567,Genericart Metformin+Voglibose 500mg/0.2mg Tablet SR,https://www.1mg.com/drugs/genericart-metformin-voglibose-500mg-0.2mg-tablet-sr-607949,Genericart Metformin+Voglibose 500mg/0.2mg Tablet SR,Treatment of Type 2 diabetes mellitus,4.3,₹ 88,FlatulenceDiarrheaBloatingAbdominal painVomitingDecreased appetite,,
1674889289-89,https://www.1mg.com/manufacturer/swast-aushadhi-seva-generic-medicine-store-81567,Genericart Metformin+Vildagliptin 500mg/50mg Tablet,https://www.1mg.com/drugs/genericart-metformin-vildagliptin-500mg-50mg-tablet-607942,Genericart Metformin+Vildagliptin 500mg/50mg Tablet,Treatment of Type 2 diabetes mellitus,4.1,₹ 63,Hypoglycemia (low blood glucose level)TremblingHeadacheDizzinessNauseaWeight gain,,
1674889294-90,https://www.1mg.com/manufacturer/swast-aushadhi-seva-generic-medicine-store-81567,Genericart Metformin Hydrochloride+Teneligliptin 1000mg/20mg Tablet ER,https://www.1mg.com/drugs/genericart-metformin-hydrochloride-teneligliptin-1000mg-20mg-tablet-er-607928,Genericart Metformin Hydrochloride+Teneligliptin 1000mg/20mg Tablet ER,Treatment of Type 2 diabetes mellitus,4.1,₹ 115,Hypoglycemia (low blood glucose level)NauseaVomitingDiarrheaHeadacheBloatingFlatulence,,
1674889298-91,https://www.1mg.com/manufacturer/swast-aushadhi-seva-generic-medicine-store-81567,Genericart Metformin Hydrochloride 1000mg Tablet SR,https://www.1mg.com/drugs/genericart-metformin-hydrochloride-1000mg-tablet-sr-608001,Genericart Metformin Hydrochloride 1000mg Tablet SR,Treatment of Type 2 diabetes mellitus,4.9,₹ 34,DiarrheaNauseaVomitingFlatulence,,
1674889303-92,https://www.1mg.com/manufacturer/swast-aushadhi-seva-generic-medicine-store-81567,Genericart Mebeverine 135mg Tablet,https://www.1mg.com/drugs/genericart-mebeverine-135mg-tablet-607905,Genericart Mebeverine 135mg Tablet,Treatment of Irritable bowel syndrome,4.4,₹ 92,Skin rash,,
1674889308-93,https://www.1mg.com/manufacturer/swast-aushadhi-seva-generic-medicine-store-81567,Genericart Losartan+Hydrochlorothiazide 50mg/12.5mg Tablet,https://www.1mg.com/drugs/genericart-losartan-hydrochlorothiazide-50mg-12.5mg-tablet-607903,Genericart Losartan+Hydrochlorothiazide 50mg/12.5mg Tablet,Treatment of Hypertension (high blood pressure),4.7,₹ 66,NauseaTaste changeUpset stomachDiarrheaHeadacheDizzinessWeaknessDecreased blood pressureIncreased blood uric acidIncreased blood lipid levelGlucose intoleranceElectrolyte imbalance,,
1674889313-94,https://www.1mg.com/manufacturer/swast-aushadhi-seva-generic-medicine-store-81567,Genericart Levosulpiride+Pantoprazole 75mg/40mg Capsule SR,https://www.1mg.com/drugs/genericart-levosulpiride-pantoprazole-75mg-40mg-capsule-sr-607750,Genericart Levosulpiride+Pantoprazole 75mg/40mg Capsule SR,Treatment of Gastroesophageal reflux disease (Acid reflux),4.4,₹ 184,Stomach painVomitingDiarrheaHeadacheNauseaFlatulenceDizziness,,
1674889318-95,https://www.1mg.com/manufacturer/swast-aushadhi-seva-generic-medicine-store-81567,Genericart Levocetirizine Dihydrochloride 5mg Tablet,https://www.1mg.com/drugs/genericart-levocetirizine-dihydrochloride-5mg-tablet-607867,Genericart Levocetirizine Dihydrochloride 5mg Tablet,Treatment of Allergic conditions,4.1,₹ 51,SleepinessFatigueDryness in mouthHeadacheVomitingNasopharyngitis (inflammation of the throat and nasal passages),,
1674889322-96,https://www.1mg.com/manufacturer/swast-aushadhi-seva-generic-medicine-store-81567,Genericart Levetiracetam  250mg Tablet,https://www.1mg.com/drugs/genericart-levetiracetam-250mg-tablet-607863,Genericart Levetiracetam  250mg Tablet,Treatment of Epilepsy/Seizures,4.6,₹ 78,SleepinessDizzinessFatigueHeadacheDecreased appetiteBehavioral changesAggressive behaviorIrritationAgitationNasal congestion (stuffy nose)Infection,,
1674889326-97,https://www.1mg.com/manufacturer/swast-aushadhi-seva-generic-medicine-store-81567,Genericart Lacosamide  100mg Tablet,https://www.1mg.com/drugs/genericart-lacosamide-100mg-tablet-607848,Genericart Lacosamide  100mg Tablet,Epilepsy/Seizures,4.8,₹ 118,DizzinessHeadacheNauseaSleepinessVomitingVisual disturbance,,
1674889331-98,https://www.1mg.com/manufacturer/swast-aushadhi-seva-generic-medicine-store-81567,Genericart Itraconazole  100mg Capsule,https://www.1mg.com/drugs/genericart-itraconazole-100mg-capsule-607838,Genericart Itraconazole  100mg Capsule,Treatment of Fungal infections,null,₹ 166,NauseaCommon coldCoughBlurred visionMenstrual disorder,,
1674889336-99,https://www.1mg.com/manufacturer/swast-aushadhi-seva-generic-medicine-store-81567,Genericart Isosorbide Mononitrate  20mg Tablet,https://www.1mg.com/drugs/genericart-isosorbide-mononitrate-20mg-tablet-607832,Genericart Isosorbide Mononitrate  20mg Tablet,Prevention of Angina (heart-related chest pain),4.7,₹ 32,"HeadacheDizzinessFlushing (sense of warmth in the face, ears, neck and trunk)Orthostatic hypotension (sudden lowering of blood pressure on standing)",,
1674889340-100,https://www.1mg.com/manufacturer/swast-aushadhi-seva-generic-medicine-store-81567,Genericart Hydrochlorothiazide  12.5mg Tablet,https://www.1mg.com/drugs/genericart-hydrochlorothiazide-12.5mg-tablet-607819,Genericart Hydrochlorothiazide  12.5mg Tablet,Treatment of Hypertension (high blood pressure),4.7,₹ 10,HeadacheNauseaAltered blood lipid levelWeaknessDizziness,,
1674889345-101,https://www.1mg.com/manufacturer/swast-aushadhi-seva-generic-medicine-store-81567,Genericart Glipizide+Metformin  5mg/500mg Tablet,https://www.1mg.com/drugs/genericart-glipizide-metformin-5mg-500mg-tablet-607801,Genericart Glipizide+Metformin  5mg/500mg Tablet,Treatment of Type 2 diabetes mellitus,4.9,₹ 11,Hypoglycemia (low blood glucose level)DiarrheaHeadacheUpper respiratory tract infection,,
1674889349-102,https://www.1mg.com/manufacturer/swast-aushadhi-seva-generic-medicine-store-81567,Genericart Glimepiride+Metformin+Pioglitazone  2mg/500mg/15mg Tablet SR,https://www.1mg.com/drugs/genericart-glimepiride-metformin-pioglitazone-2mg-500mg-15mg-tablet-sr-607777,Genericart Glimepiride+Metformin+Pioglitazone  2mg/500mg/15mg Tablet SR,Treatment of Type 2 diabetes mellitus,4.8,₹ 130,Hypoglycemia (low blood glucose level)DizzinessHeadacheNauseaVomitingDiarrheaFlatulenceBronchitis (inflammation of the airways)Anemia (low number of red blood cells)Edema (swelling),,
1674889353-103,https://www.1mg.com/manufacturer/swast-aushadhi-seva-generic-medicine-store-81567,Genericart Glimepiride+Metformin+Pioglitazone  1mg/500mg/15mg Tablet SR,https://www.1mg.com/drugs/genericart-glimepiride-metformin-pioglitazone-1mg-500mg-15mg-tablet-sr-607756,Genericart Glimepiride+Metformin+Pioglitazone  1mg/500mg/15mg Tablet SR,Treatment of Type 2 diabetes mellitus,4.2,₹ 77,Hypoglycemia (low blood glucose level)DizzinessHeadacheNauseaVomitingDiarrheaFlatulenceBronchitis (inflammation of the airways)Anemia (low number of red blood cells)Edema (swelling),,
1674889358-104,https://www.1mg.com/manufacturer/swast-aushadhi-seva-generic-medicine-store-81567,Genericart Glimepiride+Metformin  3mg/500mg Tablet SR,https://www.1mg.com/drugs/genericart-glimepiride-metformin-3mg-500mg-tablet-sr-607783,Genericart Glimepiride+Metformin  3mg/500mg Tablet SR,Treatment of Type 2 diabetes mellitus,4.2,₹ 48,Hypoglycemia (low blood glucose level)HeadacheNauseaDiarrheaFlatulence,,
1674889362-105,https://www.1mg.com/manufacturer/swast-aushadhi-seva-generic-medicine-store-81567,Genericart Glimepiride+Metformin  0.5mg/500mg Tablet SR,https://www.1mg.com/drugs/genericart-glimepiride-metformin-0.5mg-500mg-tablet-sr-607760,Genericart Glimepiride+Metformin  0.5mg/500mg Tablet SR,Treatment of Type 2 diabetes mellitus,4.8,₹ 51,Hypoglycemia (low blood glucose level)HeadacheNauseaDiarrheaFlatulence,,
1674889366-106,https://www.1mg.com/manufacturer/swast-aushadhi-seva-generic-medicine-store-81567,Genericart Gliclazide+Metformin  40mg/500mg Tablet,https://www.1mg.com/drugs/genericart-gliclazide-metformin-40mg-500mg-tablet-607734,Genericart Gliclazide+Metformin  40mg/500mg Tablet,Treatment of Type 2 diabetes mellitus,4.2,₹ 62,Hypoglycemia (low blood glucose level)HeadacheNauseaDizzinessDiarrheaFlatulence,,
1674889371-107,https://www.1mg.com/manufacturer/swast-aushadhi-seva-generic-medicine-store-81567,Genericart Gliclazide 40mg Tablet,https://www.1mg.com/drugs/genericart-gliclazide-40mg-tablet-607730,Genericart Gliclazide 40mg Tablet,Treatment of Type 2 diabetes mellitus,4.2,₹ 33,Hypoglycemia (low blood glucose level)Weight gainFlatulenceDiarrheaHeadacheNauseaDizziness,,
1674889375-108,https://www.1mg.com/manufacturer/swast-aushadhi-seva-generic-medicine-store-81567,Genericart Etoricoxib+Thiocolchicoside 60mg/4mg Tablet,https://www.1mg.com/drugs/genericart-etoricoxib-thiocolchicoside-60mg-4mg-tablet-607975,Genericart Etoricoxib+Thiocolchicoside 60mg/4mg Tablet,null,4.4,₹ 202,DiarrheaStomach painIndigestionFlatulenceSwelling of handsFeet swellingFlu-like symptoms,,
1674889380-109,https://www.1mg.com/manufacturer/swast-aushadhi-seva-generic-medicine-store-81567,Genericart Etoricoxib+Paracetamol 60mg/325mg Tablet,https://www.1mg.com/drugs/genericart-etoricoxib-paracetamol-60mg-325mg-tablet-607974,Genericart Etoricoxib+Paracetamol 60mg/325mg Tablet,Pain relief,4.8,₹ 100,DiarrheaIndigestionStomach painFlatulenceSwelling of handsFeet swellingFlu-like symptoms,,
1674889385-110,https://www.1mg.com/manufacturer/swast-aushadhi-seva-generic-medicine-store-81567,Genericart Domperidone+Pantoprazole 30mg/40mg Capsule SR,https://www.1mg.com/drugs/genericart-domperidone-pantoprazole-30mg-40mg-capsule-sr-607745,Genericart Domperidone+Pantoprazole 30mg/40mg Capsule SR,Treatment of Gastroesophageal reflux disease (Acid reflux),4.7,₹ 101,DiarrheaStomach painFlatulenceDryness in mouthDizzinessHeadache,,
1674889389-111,https://www.1mg.com/manufacturer/swast-aushadhi-seva-generic-medicine-store-81567,Genericart Domperidone+Esomeprazole 30mg/40mg Tablet SR,https://www.1mg.com/drugs/genericart-domperidone-esomeprazole-30mg-40mg-tablet-sr-607890,Genericart Domperidone+Esomeprazole 30mg/40mg Tablet SR,Treatment of Gastroesophageal reflux disease (Acid reflux),4.1,₹ 67,DiarrheaFlatulenceStomach painDryness in mouthHeadache,,
1674889393-112,https://www.1mg.com/manufacturer/swast-aushadhi-seva-generic-medicine-store-81567,Genericart Disulfiram 500mg Tablet,https://www.1mg.com/drugs/genericart-disulfiram-500mg-tablet-606976,Genericart Disulfiram 500mg Tablet,Treatment of Alcohol addiction,null,₹ 40,HeadacheFatigueDrowsinessMetallic taste,,
1674889404-113,https://www.1mg.com/manufacturer/swast-aushadhi-seva-generic-medicine-store-81567,Genericart Diclofenac+Paracetamol+Serratiopeptidase 50mg/325mg/10mg Tablet,https://www.1mg.com/drugs/genericart-diclofenac-paracetamol-serratiopeptidase-50mg-325mg-10mg-tablet-607882,Genericart Diclofenac+Paracetamol+Serratiopeptidase 50mg/325mg/10mg Tablet,Pain relief,null,₹ 75,NauseaVomitingStomach painIndigestionHeartburnLoss of appetiteDiarrhea,,
1674889408-114,https://www.1mg.com/manufacturer/swast-aushadhi-seva-generic-medicine-store-81567,Genericart Diacerein+Glucosamine Sulfate Potassium Chloride+Methyl Sulfonyl Methane 50mg/750mg/250mg Tablet,https://www.1mg.com/drugs/genericart-diacerein-glucosamine-sulfate-potassium-chloride-methyl-sulfonyl-methane-50mg-750mg-250mg-tablet-607809,Genericart Diacerein+Glucosamine Sulfate Potassium Chloride+Methyl Sulfonyl Methane 50mg/750mg/250mg Tablet,Osteoarthritis,5,₹ 271,NauseaDiarrheaConstipationIndigestionHeartburnUrine discoloration,,
1674889412-115,https://www.1mg.com/manufacturer/swast-aushadhi-seva-generic-medicine-store-81567,Genericart Deflazacort 6mg Tablet,https://www.1mg.com/drugs/genericart-deflazacort-6mg-tablet-607872,Genericart Deflazacort 6mg Tablet,Treatment of Cancer,4.7,₹ 108,Increased appetiteWeight gainFrequent urge to urinateCushing syndromeCoughUpper respiratory tract infectionAbnormal hair growthObesityNasopharyngitis (inflammation of the throat and nasal passages),,
1674889416-116,https://www.1mg.com/manufacturer/swast-aushadhi-seva-generic-medicine-store-81567,Genericart Cilostazol 50mg Tablet,https://www.1mg.com/drugs/genericart-cilostazol-50mg-tablet-607847,Genericart Cilostazol 50mg Tablet,null,4.9,₹ 74,HeadachePalpitationsAbnormal stoolDiarrheaDizzinessNauseaBleeding disorderEdema (swelling)Flatulence,,
1674889421-117,https://www.1mg.com/manufacturer/swast-aushadhi-seva-generic-medicine-store-81567,Genericart Cilnidipine 10mg Tablet,https://www.1mg.com/drugs/genericart-cilnidipine-10mg-tablet-607840,Genericart Cilnidipine 10mg Tablet,Treatment of Hypertension (high blood pressure),4.9,₹ 56,"FatigueSleepinessFlushing (sense of warmth in the face, ears, neck and trunk)HeadacheNauseaDizzinessPalpitationsEdema (swelling)Abdominal pain",,
1674889426-118,https://www.1mg.com/manufacturer/swast-aushadhi-seva-generic-medicine-store-81567,Genericart Cefuroxime Axetil 250mg Tablet,https://www.1mg.com/drugs/genericart-cefuroxime-axetil-250mg-tablet-607818,Genericart Cefuroxime Axetil 250mg Tablet,Treatment of Bacterial infections,4.6,₹ 147,RashVomitingAllergic reactionIncreased liver enzymesNauseaDiarrhea,,
1674889431-119,https://www.1mg.com/manufacturer/swast-aushadhi-seva-generic-medicine-store-81567,Genericart Cefpodoxime 200mg Tablet DT,https://www.1mg.com/drugs/genericart-cefpodoxime-200mg-tablet-dt-607810,Genericart Cefpodoxime 200mg Tablet DT,Treatment of Bacterial infections,4.6,₹ 179,RashNauseaDiarrhea,,
1674889436-120,https://www.1mg.com/manufacturer/swast-aushadhi-seva-generic-medicine-store-81567,Genericart Atorvastatin+Clopidogrel 20mg/75mg Tablet,https://www.1mg.com/drugs/genericart-atorvastatin-clopidogrel-20mg-75mg-tablet-607865,Genericart Atorvastatin+Clopidogrel 20mg/75mg Tablet,Heart attack prevention and high cholesterol,4.9,₹ 138,Stomach painDiarrheaIndigestionConstipationHeadacheDizzinessMuscle painWeaknessIncreased glucose level in bloodIncreased liver enzymes,,
1674889440-121,https://www.1mg.com/manufacturer/swast-aushadhi-seva-generic-medicine-store-81567,Genericart Atorvastatin+Clopidogrel 10mg/75mg Tablet,https://www.1mg.com/drugs/genericart-atorvastatin-clopidogrel-10mg-75mg-tablet-607862,Genericart Atorvastatin+Clopidogrel 10mg/75mg Tablet,Heart attack prevention and high cholesterol,4.7,₹ 101,Stomach painDiarrheaIndigestionConstipationHeadacheDizzinessMuscle painWeaknessIncreased glucose level in bloodIncreased liver enzymes,,
1674889444-122,https://www.1mg.com/manufacturer/swast-aushadhi-seva-generic-medicine-store-81567,Genericart Amlodipine+Lisinopril 5mg/5mg Tablet,https://www.1mg.com/drugs/genericart-amlodipine-lisinopril-5mg-5mg-tablet-607900,Genericart Amlodipine+Lisinopril 5mg/5mg Tablet,Hypertension (high blood pressure),4.6,₹ 60,"Ankle swellingHeadacheTirednessPalpitationsIncreased potassium level in bloodSleepinessCoughTaste changeFlushing (sense of warmth in the face, ears, neck and trunk)Decreased blood pressureUpset stomach",,
1674889448-123,https://www.1mg.com/manufacturer/swast-aushadhi-seva-generic-medicine-store-81567,Genericart Amlodipine Besylate+Metoprolol Succinate 5mg/50mg Tablet ER,https://www.1mg.com/drugs/genericart-amlodipine-besylate-metoprolol-succinate-5mg-50mg-tablet-er-608026,Genericart Amlodipine Besylate+Metoprolol Succinate 5mg/50mg Tablet ER,Treatment of Hypertension (high blood pressure),4.7,₹ 63,"NauseaSlow heart rateAbdominal painDizzinessFatigueSleepinessAnkle swellingConstipationEdema (swelling)Flushing (sense of warmth in the face, ears, neck and trunk)PalpitationsHeadacheVomitingVisual disturbanceOrthostatic hypotension (sudden lowering of blood pressure on standing)BreathlessnessMuscle cramp",,
1674889452-124,https://www.1mg.com/manufacturer/swast-aushadhi-seva-generic-medicine-store-81567,Genericart Amlodipine 5mg Tablet,https://www.1mg.com/drugs/genericart-amlodipine-5mg-tablet-607752,Genericart Amlodipine 5mg Tablet,Treatment of Hypertension (high blood pressure),4.7,₹ 27,HeadacheFatigueNauseaAbdominal painSleepiness,,
1674889456-125,https://www.1mg.com/manufacturer/swast-aushadhi-seva-generic-medicine-store-81567,Genericart Aceclofenac+Paracetamol 100mg/325mg Tablet,https://www.1mg.com/drugs/genericart-aceclofenac-paracetamol-100mg-325mg-tablet-607739,Genericart Aceclofenac+Paracetamol 100mg/325mg Tablet,Pain relief,4.7,₹ 43,NauseaVomitingStomach pain/epigastric painLoss of appetiteHeartburnDiarrhea,,
